author,fans_count,content,created_time,updated_time,comment_count,voteup_count,url
jing394,37,转自一位观影后的网友：没什么别的，我和女票那天去电影院看，我俩都快气炸了，你要说不讨论眼睛，那就不讨论，那么我们讨论下剧情逻辑和传统文化，毕竟是参考现实的:1、导演说这是宣传传统文化，还说去了广州采风，那么红狮子用来庆祝，黑狮子才用来比赛，这些用错就算了，白狮子特么是办丧事的，怎么能出现在赛场上，这点都弄不清楚，也好意思说是宣传文化。2、父母离主角总共就几十公里，4年不回家就离谱了，这哪里是什么留守儿童，这是父母觉得孩子太丑，想抛弃了吧。。。我家离公司36KM，我每天都开车回家，即使是在05年条件有限，一周回家一次不过分吧，怎么就能4年都不回去看？3、一个才练过几个月的新手，基本功都不扎实，主角面黄肌瘦，跟个猴子一样，怕是连狮头都扛不起，居然能打败人家练了十多年的老狮子，台上一分钟，台下十年功是假的嘛，宣传这种努力无用的思想，导演是什么意思？4、抹黑其他舞狮人，其他舞狮人的都宣扬成恶势力，我是真不知道导演是怎么想的，这特么在宣传广州舞狮队是hei she hui嘛？5、父亲工伤，工地是要赔巨款的，男主怎么就沦落到从广东跑到上海打工的地步，是不是在抹黑广东打工没有保障，she hui黑暗？6、广东经济好歹也全国前三，为何不就近找工作也能拿到很高报酬，父亲病重瘫痪在家，不留在家照顾，何苦跑半个中国去寻找工作，导演意思是说，广东人很穷，导演看不起广东人？7、广东舞狮很赚钱，即便是小店铺邀请一次也有个千把块钱，都拿了冠军，肯定很多人请，这不来钱更快，何必去搬砖？导演怕是打心底起就看不起这些传统文化吧，认为传统文化赚不了钱，传承这些传统文化的都是穷人？8、比赛用臭脚作弊？？？？？？离天大谱，导演就是这么宣传我们中国人诚信观念的？9、踩狮头是最不能接受的，你以为黄飞鸿他爹拼死保护狮头是为了什么？这是砸人饭碗，挖人祖坟的操作。。10、表面光鲜亮丽，背地里就像宣传了中国社会很阴暗一样，后半段忧郁压抑，全广东都和男主过不去，年少被欺负，长大了还要被迫睡工地宿舍地板，what？广东外来务工人员住宿条件没差到这种地步吧？导演是想宣传中国人被压迫成这样？其他就不说什么了，这种打着宣传传统文化幌子，侮辱国人，讨好外国人的电影，就应该直接下架禁播，导演就应该直接封杀[tv_发怒],2021-12-28 22:05:49,2021-12-28 22:05:50,653,7425,https://www.zhihu.com/api/v4/answers/2289707251
引秒,1916,看这个舆论长这样就知道实际票房没多少，看的人多了谁还纠结你那眯眯眼？编剧的*还能保得住吗？编剧真应该给导演和美术供起来，不然他有多少*都不够*的。今天刚下定决心去影院看的，真被恶心坏了。顺着剧情讲一下恶心的点都是啥。开头的水墨可以说是全片最精彩的部分，但是生怕观众爽到非要加个旁白。人物形象非常扁平。为什么舞狮队员要拼了命地欺负主角？抢小孩子压岁钱这种事情是正常成年人在公众场合做得出来的吗？师父的人设非常割裂。电影剧情中有很多人在吃舞狮这碗饭，为什么只有十里八乡最好的舞狮队员不能吃？只有你师父师娘用吃饭其他人不用是吧？灌水角色过多。拜师剧情的老头，彻头彻尾的搞笑角色。嘿嘿嘿蓝毛眼镜，出场口癖和下场都不明不白。主角的工友，你每天的工作就是吃盒饭是吧。主角的第一场正式舞狮战，对阵嘿嘿嘿蓝毛眼镜队。这一场可以说是最重要的一场，标志着主角三人组正式踏足舞狮的领域，在击败了别人之后也有了充足的自信。好，你给我省掉了。你是觉得这个世界上写着略的答案不够多吗？主角去打工了，遇到的人为什么全都是恶人呢？打工人在你们文艺创作者心里就全是相互用力排挤的*人是吧？遇到了女主角，女主角表示家里人不想让她舞狮。所以您的冠军完全是靠天赋而没有经过任何系统的锻炼得来的是吗？传承这么久的舞狮文化就这？你说你做这个电影要弘扬传统文化，你看看你搞的这个海选赛是什么**玩意？男狮女狮向前冲是吧？请问狮子头相互挤然后下水体现了舞狮文化的什么精华？用脚熏人又是哪一式？然后陈家村舞狮队的人又**洗白了，说要替不知道从哪冒出来但是突然又不知道为什么扭了脚(“我的体力满格”“我扭了脚”)的主角上场。合着人物对你来说完全就是一块白板是吧，需要用的时候就擦干净重新写。官方给出的拒绝理由是你不是参赛队员，那主角这个从外太空杀出来的超级狮子头就是跟你报过名的是吗？最后所有舞狮人又全部洗白了，包括你主角送外卖迟到半个小时而且还撒了汤最后只是嘴你还给了你钱的无极舞狮队。下场给主角当气氛组当后勤组保障他们去搞那个什么什么(我记不清了)。你要搞大团圆为什么一开始要把人物塑造成绝对的坏人啊？人物形象是白纸呢还是厕纸啊？从头到尾就充斥着一股子文艺工作者的傲气。我这一段觉得舞狮人吃不起饭，所以师父不能吃舞狮这碗饭；我这一段又觉得可以了，所以主角去打工之后甚至阿猫阿狗可以去赚钱还能贴给主角家里。总之我说的就是事实！采风是看得起你知道吗？你的文化具体怎么样我根本就不想知道。舞狮比赛怎么比的？舞狮行业收入究竟怎么样？采过风了，连这些都不知道吗？先说一下，如果你觉得我说得不对，欢迎来评论区反驳我。但是别想到什么就发一条，再想到什么又发一条。知乎评论区可以写很长而且也有楼中楼功能，发一起所有人的体验都会更好。,2021-12-29 17:00:16,2021-12-30 13:15:05,87,375,https://www.zhihu.com/api/v4/answers/2290758675
一个名字,27,哈哈哈哈。。。容我笑一下 我一个广东人有被笑到 谢谢你 承包了年末的笑点舞狮动画羞辱广东人 你怎么不拍个扭秧歌电影然后羞辱一下陕西人呢？作的一手好死 好死,2021-12-21 23:00:38,2021-12-21 23:00:38,43,605,https://www.zhihu.com/api/v4/answers/2280760586
刘邙,6,你家票房冠军5天七千万？到今日12.26,2021-12-23 09:23:22,2021-12-26 10:56:17,26,203,https://www.zhihu.com/api/v4/answers/2282482466
烟语倾城,3,我认为不可能垃圾电影，有个毛线的采风中国舞狮老师傅，其实用脚臭来取得胜利怎么可能？！而且电影中还有踩舞狮头的场景，你确定你去过广东看舞狮？不知道这砸他人招牌的事？这可是不死不休的大事啊？你觉得人类有这种眼距吗？异形都比角色像人共青团都发话了，你们还洗呢？这样就比较合理了最后祝那些认为角色很好看的人，你全家都长这个样子。（我可没有骂人，我只是祝福你长成自己认为美的样子而已）最后发两张外国影视作品中中国人的形象，自己看吧。,2021-12-31 02:18:56,2021-12-31 05:24:14,12,215,https://www.zhihu.com/api/v4/answers/2292605111
温科水院,308,概述：一部在技术上有相当的进步的，画面渲染精美，却剧情平庸，人物塑造扁平，人物设计灾难，主题内核畸形，价值观落后封建，受众低幼的哄哄小孩和二极管小生还行的难以下咽的鸡汤电影。同样又是一部依靠近因效应（结尾效应）依靠结尾尴尬的渲染煽情以及高燃以蒙蔽观众使其忽略影片的整体性而去对影片做出片面性和过于主观性评价的电影。 近因效应：近因效应是指当人们识记一系列事物时对末尾部分项目的记忆效果优于中间部分项目的现象。这种现象是由于近因效应的作用。信息前后间隔时间越长，近因效应越明显。原因在于前面的信息在记忆中逐渐模糊，从而使近期信息在短时记忆中更清晰。这样依靠结尾高燃使观众在结束时短暂的颅内高潮的来去蒙蔽电影本身缺陷的恰烂钱手法真是快烂大街了，似乎观众和市场的反应力相当迟钝，仍然在一而再三的跳进这样的审美陷阱。同样的由于影片中的对传统文化的玷污丑化，对中国人形象的丑陋塑造，以及在“病猫”“胖猪”“瘦猴”“咸鱼强”等词的反复消费中透露出的对根深蒂固的毒害性的大男子主义以及畸形的弱肉强食的社会达尔文主义和“我要摆脱自我才能不受欺负”的畸形价值观的大面积宣扬下，这部片子应该是任何女性，亦或者是中国人，看了该黑着脸出电影院的电影。动画版的《燃野少年的天空》，如果不能摆脱这种陈词滥调的低幼低领的倾向，中国动画的巅峰你《雄狮少年》触及还远着嘞。1.人物形象西方人拍眯眯眼的中国人: 刻板印象！丑化中国人形象！西方人拍五官立体的中国人:披着洋人皮的中国人！崇洋媚外！西方人审美！西方人适中拥有二者特点的中国人:根本没有英雄气概！平庸！毫无特点！太路人了！中国人拍眼间距可以停航母的就差长在太阳穴上的眯眯眼，凸嘴，太阳穴凹陷，龅牙中国人: 民族骄傲！我身边很多长成这样的人！这是真实的中国人模样！有什么不好意思的！我爱中国！China number one！既然在宣发的时候，大量的打着“现实主义”的噱头，那当然就按“现实主义”的标准来评判。不要跟我扯别的，纵观这么多年的观影，这是我见过的最丑的人物角色。导演不会塑造人物可以不用塑造，而不是靠丑角来制造笑点，靠丑来塑造所谓“咸鱼”的身份，以及靠“帅”来塑造对手的强大。一股大男子式的思维，片中唯一长相可以言语的过去的角色，如师娘，又像极了3D区的蒂法，我真是很难觉得这只是一种偶合。男主的长相只让我想起另一部动画：《冰河时代》2.文化宣传宣扬传统文化  X韩国体育队纪录片✔️我不知道外国人看了这片子会怎么看待 舞狮 这项 中国人独有的“极限运动”，在毫无规则可言的比赛过程中，我丝毫没有看到任何的竞技体育精神，整个圈子都是垃圾，对手与对手之间毫无人性，也毫无动机可言的明争暗斗，甚至是为了胜利反复不择手段的不惜伤害对手，乃至不惜把对手从十五米高台上直接在毫无保护措施的情况下一脚踹下，这是所谓的“雄狮精神”，值得几个平庸少年拼断腿也要去拼下去的运动就是这样的？在影片中的世界观里，欺负弱小是顺理成章的，为了胜利也是可以不择手段的，这和现实中的中国体育队似乎有极大的反差，说是披着中国文化下的韩国体育队纪录片也不足为过。我说实话，我设身处地的代入了一下如果我作为一传统运动中的一员，其中有新鲜血液的加入，亦或者是有爱好者的加入，对我来说不是多开心的事？难道不该是喜迎新人？俗话说，主人公的对手的强大与否，决定他成功的价值大小。没有对比就没有差距，举同样的类似竞技体育题材动画《Megalobox》中的对手勇利来比较，要想使得主人公赢的让观众信服，移情，让观众能认可主人公，就要先塑造好对手，而不是纯靠形象和妆化烘托的刻板反派模子，这样的靠一组“艰苦生活”的视听流短暂积压情绪之后，马上刻意的“煽情”“高燃”的释放掉的手法，而不是靠将目标本身塑造的有意义，难以取舍，把对手塑造的立体强大之后的击败取胜。前者显然只能带来廉价的短暂快感。没有对比就没有伤害，另一部同类型的励志运动题材动画《强风吹拂》，同样是咸鱼翻身，人家是怎么讲故事的？《强风吹拂》3. 剧本x人物塑造前半段先是又臭又长的堆叠无聊幼稚能尬的人扣出三室一厅的笑点，后面又急转似的突然收尾。通篇所有角色扁平庸俗，剧情推动靠巧合以及喊口号，人物动机严重缺失，为剧情强行服务，开头对阿娟莫名其妙毫无征兆的使坏欺凌的同村舞狮队伍，只要为了剧情，为了强行给主人公设立一个艰难的生存处境，为了给主人公设置挫折和矛盾，似乎一切都可以毫无根据的合理，配角人均撒旦，没有动机，没有征兆的纯恶的在整部影片中念着尴尬到吐血的台词的陈家村一伙，在结尾又无缝衔接的突然转向主人公一伙，甚至不惜替对方上场比赛，所有的角色似乎毫无独立性可言，甚至已经不是为了剧情服务了，而是为了观众服务，只要观众的情感上认可这样的行为，只要观众爽，观众认可，就可以毫无逻辑的做出各种行为，这种身为作者的向观众下跪的不惜损坏自己整部作品整体性的行为，我个人先吐一口唾沫。通篇整部影片，剧本直接抛开了逻辑，也抛开了现实，口口声声说将建立以“现实主义”为基础的导演，却似乎在动画逻辑和现实逻辑中随意切换，在推进不动剧情的时候用动画逻辑强行推动，在我想煽情的时候强行回归现实，而二者之间形成的割裂，也很难让观众对主人公克服的困难形成一种心理上的认可。具体到我们可以讲如开着豪车的“初恋脸”女主，跟打着八分工，还要赡养着家里父母的男主说：“不要放弃梦想嗷”如作者似乎永远摆脱不开一种传统中国式家庭的苦难崇拜和自我感动，体现父母替孩子着想，就得一定是父母在外地工地上干活，生病也不愿说。孩子在外地打工，就得是住最差的，用最差的，莫名其妙的受同在外地打工的人的嘲笑挤兑。如全篇拙劣的披着周星驰外壳的庸俗的小丑式的制造低俗的喜剧笑点。如根深蒂固的大男子思维， “都是女人毁了男人最初的梦想”“女人帮男人实现梦想就是弥补当初的后悔”“女人就应该做男人的梦想启蒙导师”“女人有了一定成就后，就该老老实实的退居二线城市恋爱结婚把舞台让给男人”“每个男主就都必须依靠一个初恋脸女性配角去启发”如作者过分低幼化梦想的概念，以及模糊现实的难度的同时刻意渲染另一部分现实的困难，如主人公三人同在十八岁的年纪忽的毫无征兆想到了要去舞狮，如果说男主加入雄狮这个运动是因为不服气（也没有任何的塑造男主不服输的性格的段落），或者去当女主的舔狗，那阿猫阿狗加入的动机就极度缺失，二人莫名其妙的入伍，瘦猴由于看了一眼海报上的女主就加入了，胖子因为包吃住就加入了，二人加入的动机之轻易又随意，让我不得不为后面二人拼了命的苦练和坚持打上问号，两人强行的为剧情服务的完全丧失了任何自主性，独立性，变得扁平，空洞，只是随男主漫无目的的无怨无悔的拼死训练。此外在十八岁这一年突然的在毫无运动天赋与运动经验的前提下，就这样加入一项运动，并且就拼着一腔热血，甚至还三天打鱼两天晒网的靠着一个半业余教练的简陋方法训练的三个废柴，就能凭着一股意淫式的英雄主义，直接赢下一众专业训练多年的专业队。作者究竟在梦想这个命题上加入了多少幻想，我是不得而知的。有人要反驳我说，这是三人证明自己的途径，所以三人才卖力拼搏。但我的评价是，影片中不仅没有使得观众深信这是主角一行人唯一能获得自我实现的唯一方式，同时也除了画面上精美之外，也没任何的让我感受到舞狮这项运动的底蕴，和深厚的能让主角一行人深信的魅力。当然还比如最终的比赛场地竟就在我厂旁边，巧不巧合，意不意外，世界就是这么小。忽略台词的尴尬设计，类似以上的各种剧情漏洞仍然无数。主人公为什么喜欢舞狮，主人公为什么要想证明给其他人自己能行，主人公的植物人父亲和他之间有哪些爱恨纠葛，使得这个证明变得如此重要？主人公和师傅之间有没有什么矛盾？有没有什么继承关系？有没有什么相互实现的关系？互相填补遗憾的关系？有没有缺对方不可的互相依赖的关系？我反正，啥也不知道。 最后总结：中国影史上不是没有优秀的动画，在技术上的进步当然是值得鼓励的，可惜似乎有点徒有其表了，除了以上的缺点，当然还有如动作设计上的平庸，剪辑的错乱，节奏的紊乱等明显的硬伤。只能说，如果想制造出更好的作品，还应当是先老老实实先讲好一个故事（除非你硬走意识流）。这样的影片能收到如此追捧，我只能不禁反思如今的媚俗和反智的凶猛浪潮有多侵入大众的观影审美中。,2021-12-25 03:22:47,2021-12-25 03:22:47,14,211,https://www.zhihu.com/api/v4/answers/2285113505
Ember,16,癔症（分离转换性障碍）是由精神因素，如生活事件、内心冲突、暗示或自我暗示，作用于易病个体引起的精神障碍。癔病的主要表现有分离症状和转换症状两种。分离，是指对过去经历与当今环境和自我身份的认知完全或部分不相符合。转换，是指精神刺激引起的情绪反应，接着出现躯体症状，一旦躯体症状出现，情绪反应便褪色或消失，这时的躯体症状便叫做转换症状，转换症状的确诊必须排除器质性病变。发病原因1、生物学因素（1）遗传：最早的癔症遗传学研究是Kraulis在1931年完成的。他调查研究了1906～1923年期间被Kraepelin诊断为癔症患者的所有亲属，发现患者父母中有9.4%曾患癔症住院；兄弟姐妹中有6.25%曾患癔症住院。癔症患者的父母和兄弟姐妹中分别有1/2和1/3的人有这种或那种人格障碍。（2）素质与人格类型：通常认为，具有癔症个性的人易患癔症。所谓癔症个性即表现为情感丰富、有表演色彩、自我中心、富于幻想、暗示性高。国外还有不成熟、要挟、性挑逗等特征的描述。（3）躯体因素：临床发现神经系统的器质性损害有促发癔症的倾向。多发性硬化、颞叶局灶性病变、散发性脑炎、脑外伤等均可导致癔症样发作。2、心理因素现代医学观点倾向于癔症是一种心因性疾病。3、社会文化因素社会文化因素对癔症的影响作用较明显，主要表现在癔症的发病形式、临床症状等方面，有人认为也影响其发病率。发病机制癔症的发病机制尚不完全清楚，较有影响的观点大致可归纳为两种。第一种观点认为癔症是一种原始的应激现象。所谓原始反应即人类在危机状态下所表现出的各种本能反应。包括：①兴奋性反应如狂奔、乱叫、情感暴发等精神运动性兴奋状态；②抑制性反应如昏睡、木僵、瘫痪、聋、哑、盲等；③退化反应如幼稚行为、童样痴呆等。第二种观点认为癔症是一种有目的的反应。临床实践发现癔症常常发端于困境之中或危难之时，而且癔症的发作往往能导致脱离这种环境或免除某些义务 [1]  。护理上加强心理疏导，采用支持心理治疗方法，调动患者的积极性，激发其对生活的热情，坚定患者战胜疾病的信心。多给予关心、同情、安慰，给予患者生活上必要的帮助，多做细致的思想开导，辅以热情的关怀。随时疏导患者，消除不良情绪。癔症性格表现为情感丰富，富有夸张表演色彩，富于幻想，急躁，任性，易被别人的言语、行为和态度所影响。疾病发作时，如果亲属的言语、行为和态度不当，会形成新的不良暗示因素，造成症状加重，给治疗带来困难。因而患者服药期间要求亲属应保持镇静，避免过分关注和过分热情，避免惊慌失措，要正确对待该病的发生。为改善患者的不愉快情绪，亲属可有意识地转移患者的注意力，集中到有兴趣的事物或让患者暂时离开当时环境。注意到这些问题本身就可能改善患者的症状，对药物治疗也大有裨益。,2022-01-02 21:29:57,2022-01-02 21:29:57,2,42,https://www.zhihu.com/api/v4/answers/2295435050
盐值,2,可能会吧。毕竟影片投入很大，或是《魔童降世》的两倍，且完全没有找水军博主硬夸。毕竟画风写实，完全依据国人（广东人和东北人），眼睛大小是歪果人的三分之一，建模无可挑剔，不服去vx小程序[盐值]测一测。毕竟导演监制也出过很多好作品，羽翼丰满，人脉甚广，六公主，吴京等都曾夸赞这部国漫之光。毕竟豆瓣评分史高8.4，猫眼评分9+。毕竟我们三千一张票都能卖到爆满，试问古今中外谁能做到。毕竟抛开建模和事实不谈，故事令人感动。毕竟观众没有自己的思考，不会考虑我们的剧情和故事发展是否合理。毕竟在我们的投入下，“感动”了很多大触，博主，在为我们发声。毕竟为我们发声的人都很专业。毕竟各大平台UP都在夸赞这部国漫之光，口碑甚假，不对，口碑甚佳。甚至鲜有差评，差评更是被各大up称为“会后悔的水军”。毕竟国人基数虽大，也绝没有软骨头。奉劝大家不要在看关于雄狮少年的话题了，以免血压升高，骂两句还要被删。一群狗汉奸总要用普通人的身份把自己畸形的自豪感强加到别人身上，太过于西方理性的思考问题，完全忘记了自己是中国人。文章是很专业，想来一篇也要给不少，真的很缺的话我可以烧给你们，没必要自折阳寿。我可以很确信的说，这种人就是伪军精神的传承，没必要把他们当做同胞，敲破了键盘也是说不通的。,2021-12-30 10:49:07,2022-01-05 22:47:55,55,451,https://www.zhihu.com/api/v4/answers/2291546772
是谁在咆哮,13,最好的搬砖宣传片！！！ 讲真的，我看完真的感动哭了[大哭][大哭][大哭]。第一次有主流电影为搬砖宣传。穷人的出路不就只能是搬砖吗？ 搬过砖的我属实看哭了。导演为了让主角搬砖，让主角有一个贫困户的身世，但这还不够，再把主角老爹弄成植物人！你以为这就够了？ 不够，他让主角通过努力拿到全国舞狮冠军，然后主角终究发现还是搬砖挣得多，搬砖才是梦想。 有人说这就是现实？我现实你****，穷人没这么惨，麻烦你们到农村看看，真正的苦是什么。,2021-12-29 12:43:26,2021-12-29 12:43:26,5,99,https://www.zhihu.com/api/v4/answers/2290357992
满嘴仁义,513,这电影亏了有3个亿没？我只想哈哈大笑。刘慈欣的那句话说的很好。弱小和无知不是生存的障碍，傲慢才是。不是美国片得了美国病。,2021-12-26 16:07:38,2021-12-26 16:07:38,5,178,https://www.zhihu.com/api/v4/answers/2286647304
抽烟送煤气瓶,10,拍给鬼看的，白天票房比较低，晚上及半夜票房高,2021-12-29 19:06:21,2021-12-29 19:06:21,1,62,https://www.zhihu.com/api/v4/answers/2290914848
匿名用户,0,就这票房数据，哄堂大笑了。跟哪吒和跨过鸭绿江一比就知道为什么了,2021-12-24 13:14:12,2021-12-24 13:19:13,9,49,https://www.zhihu.com/api/v4/answers/2284299522
殷色心扉,12,必然是冠军，肯定不是票房,2021-12-29 16:27:27,2021-12-29 16:32:28,4,67,https://www.zhihu.com/api/v4/answers/2290706171
WUYONG,152,匿名提问算个啥！给老子出来让老子拉黑！二！,2021-12-29 17:13:55,2021-12-29 17:13:55,0,26,https://www.zhihu.com/api/v4/answers/2290779672
郭俊祺是二楞啊,10,哈哈哈哈h哈哈哈哈哈，看了几年电影，就这阵仗保底必须至少几亿，所以⊙ω⊙亏了多少啊，不要告诉我因为黑子亏了票房，呜呜呜～～～,2021-12-22 22:14:52,2021-12-22 22:14:52,0,37,https://www.zhihu.com/api/v4/answers/2282131617
YON LI,9,这部糟心的电影如果还是贺岁片，那还不如小钢炮的一九四二，起码还是忆苦思甜。而你告诉我，这三个主角，导演刻意丑化，想做出先抑后扬的剧情反差，可问题是，最后主角也没迎娶白富美，走上人生巅峰。前面家境贫寒，中途家道中落，最后还是照样打工，该干嘛干嘛去。那浪费钱浪费时间去看了个寂寞。电影不造梦，结局没希望，细品还不励志。有什么意义？人生艰难，现实残酷，大家心照不宣，想假装躺平放松一下，结果电影不是奶头也不是鸡汤，连苦口良药都不算，直接奶瓶装尿。导演真行。大过年的真晦气！,2021-12-25 16:36:26,2021-12-25 16:36:26,1,25,https://www.zhihu.com/api/v4/answers/2285673283
匿名用户,0,,2021-12-30 17:38:23,2021-12-30 17:43:24,3,34,https://www.zhihu.com/api/v4/answers/2292168159
所谓,1107,哈哈哈啊哈哈哈哈啊哈哈哈哈啊哈哈哈哈啊哈哈哈哈啊哈哈哈哈啊哈哈哈哈啊哈哈哈哈啊哈哈哈哈啊哈哈哈哈啊哈哈哈哈啊哈哈哈哈啊哈哈哈哈啊哈哈哈哈啊哈哈哈哈啊哈哈哈哈啊哈哈哈哈啊哈哈哈哈啊哈哈哈哈啊哈哈哈哈啊哈哈哈哈啊哈哈哈哈啊哈哈哈哈啊哈哈哈哈啊哈哈哈哈啊哈哈哈哈啊哈哈哈哈啊哈哈哈哈啊哈哈哈哈啊哈哈哈哈啊哈哈哈哈啊哈哈哈哈啊哈哈哈哈啊哈哈哈哈啊哈哈哈哈啊哈哈哈哈啊哈哈哈哈啊哈哈哈哈啊哈哈哈哈啊哈哈哈哈啊哈哈哈哈啊哈哈哈哈啊哈哈哈哈啊哈哈哈哈啊哈哈哈哈啊哈哈哈哈啊哈哈哈哈啊哈哈哈哈啊哈哈哈哈啊哈哈哈哈啊哈哈哈哈啊哈哈哈哈啊哈哈哈哈啊哈哈哈哈啊哈哈哈哈啊哈哈哈哈啊哈哈哈哈啊哈哈哈哈啊哈哈哈哈啊哈哈哈哈啊哈哈哈哈啊哈哈哈哈啊哈哈哈哈啊哈哈哈哈啊哈哈哈哈啊哈哈哈哈啊哈哈哈哈啊哈哈哈哈啊哈哈哈哈啊哈哈哈哈啊哈哈哈哈啊哈哈哈哈啊哈哈哈哈啊哈哈哈哈啊哈,2021-12-31 02:42:33,2021-12-31 02:42:33,1,5,https://www.zhihu.com/api/v4/answers/2292610831
让我躺会儿,132,我去看了一下电影前半段的剧情，我只能说凑合，而且很多片段，让我想起了星爷的《少林足球》我不敢说它是借鉴还是致敬又或者抄袭？梗都一样。后面的部分，剧情是真的单薄。最后男主得了冠军，还是在被直播的大赛上，不应该是凭借这次冠军顺利摆脱贫困成名了吗？这特么最后还是去打工去了？热爱的东西，带来的成就不能让自己成功。你特么的立意放哪儿了？人物形象是真的一言难尽……,2021-12-29 14:53:49,2021-12-29 14:53:49,4,24,https://www.zhihu.com/api/v4/answers/2290546709
匿名用户,0,猫眼预测票房连续跌幅，已经低至2.45亿。票房冠军……本都回不来，冠什么军啊。给大家洗洗眼吧。,2021-12-19 11:09:07,2021-12-19 11:14:08,26,498,https://www.zhihu.com/api/v4/answers/2277201494
古德毛宁,20788,绝对是票房冠军！不喜勿喷，狗头护体。讲个真事。那时候雄狮少年刚上映。工作三班倒，等到晚上，反正金主出去夜嗨了，想想去看电影，当时就觉得雄狮少年与众不同，午夜场竟然是满员的！！！问题是电影院就我一个人买票，但是雄狮少年电影票都抢不到，午夜场是满员的！！当时我就也觉得后颈一凉，撞鬼了！！！一群夜鬼把二鬼子的电影捧到票房冠军！！！,2022-01-05 09:14:26,2022-01-05 11:34:15,1,5,https://www.zhihu.com/api/v4/answers/2298157109
天地堪舆小郎君,4014,不太可能……淮海路上的入座率。。。。,2021-12-30 08:10:59,2021-12-30 08:12:04,1,1,https://www.zhihu.com/api/v4/answers/2291340213
阿坑,9477,你想他是，那我就宣布他是吧可以加个春节档了,2021-12-30 12:42:20,2022-01-06 15:17:20,1,1,https://www.zhihu.com/api/v4/answers/2291720533
知乎用户,118,《让冠军飞》_雄狮番外篇汤师爷怒骂：砸了你们，砸了！孩子都知道，知错就改善莫大焉，谦虚使人进步。还敢上知乎提问，还那么直接！冠军？！呸，恶心，我都知道匿名。像这种事，你们可以花点钱吗，花点，哪怕雇271家自媒体呢？花不了多少钱！哪怕偷偷摸摸的。但是瞧瞧你们都雇了一帮什么水军？专门淹死自己个儿的吗？简直就是搞艺术的！连搞艺术的都不如！还说让人观众用票房帮你们影史留名？还恬不知耻说什么东方人物形象典范！？还燃？！还票房冠军？！还审美自信？！我从未见过，有如此厚颜无耻之人！就一句话，恶心！钱肯定是捞不着了！恶心，恶心！恶心呐，恶心！呸，呕，太恶心！更多精彩，点击下方传送门如何看待《雄狮少年》高口碑低票房？,2021-12-31 11:23:18,2021-12-31 11:23:18,0,8,https://www.zhihu.com/api/v4/answers/2292908729
匿名用户,0,不真实的演员帮阴间丑动画电影宣传？？为了金子罢了，人设太假了不真实的演员帮阴间丑动画电影宣传？？为了金子罢了，人设太假了 谁会贡献票房不真实的演员帮阴间丑动画电影宣传？？为了金子罢了，人设太假了不真实的演员帮阴间丑动画电影宣传？？为了金子罢了，人设太假了 谁会贡献票房,2021-12-27 20:45:18,2021-12-27 20:45:18,0,21,https://www.zhihu.com/api/v4/answers/2288220927
知乎用户,70,票房血亏排行榜……应该差不多。应该能竞争总榜，号称制作费用2.8亿…加上满屏发钱的营销费用。不到两亿的票房里又不知道有多少是3k一张的票~   说起码血亏3亿不过分吧。,2021-12-31 11:01:54,2021-12-31 11:01:54,0,1,https://www.zhihu.com/api/v4/answers/2292875924
诩菇子,0,真正的传承，在于对自己文化发自内心的自信，并愿意投身建设弘扬，而不是恶意迎合异族偏见，无底线做犬类。他人叫你膝盖碰地，有权击碎它獠牙,2021-12-29 16:02:41,2021-12-29 16:02:41,0,14,https://www.zhihu.com/api/v4/answers/2290663011
phwer,17,从没见过这么丑的人物造型！反胃,2021-12-25 06:28:49,2021-12-25 06:28:49,0,13,https://www.zhihu.com/api/v4/answers/2285135779
杨莹莹,4,能亏到导演再也不想这样做电影，对国漫是件好事。,2021-12-31 11:27:20,2021-12-31 11:27:20,0,2,https://www.zhihu.com/api/v4/answers/2292914888
求道者,140,总觉得哪里不对劲，当我看到这个图我就明白了。懂得都懂。。。,2021-12-31 20:45:21,2021-12-31 20:50:22,0,9,https://www.zhihu.com/api/v4/answers/2293541994
匿名用户,0,,2021-12-30 00:23:22,2021-12-30 03:23:30,0,8,https://www.zhihu.com/api/v4/answers/2291219955
暗影炮打,5,这什么弱智问题，当然不可能。,2021-12-17 16:40:47,2021-12-17 16:40:47,0,23,https://www.zhihu.com/api/v4/answers/2275229094
里欧先生,180,贺岁？贺什么岁？你们别成心气中国人了行么？,2021-12-30 16:52:34,2021-12-30 16:52:34,1,3,https://www.zhihu.com/api/v4/answers/2292101280
leo,62,这种只在午夜满场的鬼片能当票房冠军？你在逗我？,2021-12-29 12:54:53,2021-12-29 12:54:53,0,2,https://www.zhihu.com/api/v4/answers/2290372101
川叔院子,56,会的。前提是所有电影都不上映，就它一部！,2021-12-29 12:56:46,2021-12-29 12:56:46,0,1,https://www.zhihu.com/api/v4/answers/2290374566
上杉,10,能拉到赞助拍第二部我就佩服导演。怀疑，营销费恐怕比制作费还高，饭圈学的吧。,2022-01-02 08:05:56,2022-01-02 08:05:56,1,0,https://www.zhihu.com/api/v4/answers/2294739815
堤高于岸浪必摧之,8,第一个节点：圣诞+周六=三千万第二个节点：元旦=一千万第三个节点：我要庆祝一下，明天去报复性看《爱情神话》。,2022-01-01 21:23:08,2022-01-01 21:28:09,0,1,https://www.zhihu.com/api/v4/answers/2294464925
赛貂蝉,39,做什么春秋大梦呢,2021-12-29 14:29:01,2021-12-29 14:29:01,0,1,https://www.zhihu.com/api/v4/answers/2290507121
扳手,44,把买水军和洗吧的钱丢进票房里，也不至于像现在这么难看吧。,2021-12-31 12:26:51,2021-12-31 12:26:51,0,0,https://www.zhihu.com/api/v4/answers/2292992777
郭君,3,抛开长相不谈，角色人物还是蛮讨喜的；抛开剧情不谈，这故事还是很有意思的；排开票房不谈，这电影还是蛮成功的；抛开注水不谈，上座率还是挺高的；抛开水军不谈，电影口碑还是很棒的；抛开良心不谈，导演和主创团队还是值得尊重的。抛开现实不谈，虽然是动画，但电影还是蛮写实的。最后，祝制作方和喜爱该电影的粉丝们的长相都能越来越符合自己的审美，梦想照进现实，并天天开心。PS：我在广东工作过，有很多广东本地的同事，他们眼睛都蛮大的，靓仔靓妹很多，但这只是我的偏见，如有不同意见还请以电影为准。,2022-01-05 12:43:30,2022-01-05 12:43:30,0,0,https://www.zhihu.com/api/v4/answers/2298473048
扳手,44,把买水军和洗吧的钱丢进票房里，也不至于像现在这么难看吧。,2021-12-31 12:26:51,2021-12-31 12:26:51,0,0,https://www.zhihu.com/api/v4/answers/2292992777
郭君,3,抛开长相不谈，角色人物还是蛮讨喜的；抛开剧情不谈，这故事还是很有意思的；排开票房不谈，这电影还是蛮成功的；抛开注水不谈，上座率还是挺高的；抛开水军不谈，电影口碑还是很棒的；抛开良心不谈，导演和主创团队还是值得尊重的。抛开现实不谈，虽然是动画，但电影还是蛮写实的。最后，祝制作方和喜爱该电影的粉丝们的长相都能越来越符合自己的审美，梦想照进现实，并天天开心。PS：我在广东工作过，有很多广东本地的同事，他们眼睛都蛮大的，靓仔靓妹很多，但这只是我的偏见，如有不同意见还请以电影为准。,2022-01-05 12:43:30,2022-01-05 12:43:30,0,0,https://www.zhihu.com/api/v4/answers/2298473048
就叫我狗蛋吧,379,烂得跟狗屎一样,2022-01-06 08:50:06,2022-01-06 08:50:06,0,0,https://www.zhihu.com/api/v4/answers/2299538450
知乎用户,329,《雄狮少年》凭借8.4的评分领衔评分最高华语电影。与大部分提前开分的高口碑作品后续评分会下降不同，《雄狮少年》在正式上映后的豆瓣、猫眼评分，均比点映时期上涨0.1分，这说明《雄狮少年》不仅得到了资深影迷的认可，也获得了普通观众的认同。但与影片的高口碑形成对比的，则是票房遇冷的尴尬。这对于电影人来说，是意料之中，也是期望之外。业内看片会后，很多电影人都认为《雄狮少年》是一部不错的动画电影，一改之前电影从暑期挪档后5000万元票房的低预判。尤其在此前《大圣归来》、《哪吒》以及今年的《白蛇2：青蛇劫起》等动画电影均取得了不错的成绩后，高口碑动画作品成为年底小爆款来拯救遇冷的贺岁档票房，也就成了大多数电影人的期待。不过，大部分业内人士虽然心怀期望，但他们对电影本身以及市场现状还是有着比较“清醒”的认知。济南百丽宫影城经理董文欣虽然很看好《雄狮少年》，但是原创动画IP在国内始终难以跨越票房鸿沟：“虽然《雄狮少年》的质量还是比较惊喜的，但原创动画IP电影在国内就没有过大爆的先例，所以一开始我觉得达到5亿票房就很不错了。”电影行业从业人员、影视博主@电影温特也持有相似观点，他表示，“业界一开始预估的票房落点大概在5-8亿元。”但点映时期，网上很多报道都预测这部电影票房将达10亿元、20亿元、30亿元，原因一是业内人士大都抱着这部动画电影有望成为潜力股的期待，希望能够卖座；二则是一个宣传“噱头”，希望吸引更多人关注报道。然而，截至发稿前，《雄狮少年》正式上映已有8天，目前票房9842万元，不要说达到点映时期宣传的25亿元，就连猫眼专业版如今预计的3.98亿元最终票房，似乎也难以企及。从最初的5000万无，到后来的25亿元，再到如今的3.98亿元，业内对于《雄狮少年》的票房预测经历了“九曲十八弯”的改变，不依靠神话IP的原创动画电影，真的难以成为爆款吗？口碑两极分化豆瓣8.3的开分，各路影评人、大V的超高好评，让不少观众都对《雄狮少年》抱有极高的预期。但正式上映后，这部电影的口碑也开始呈现两极分化。虽然“咸鱼翻身”的故事有些老套，但如果讲好了也未必没有新意。包括桃桃林林在内的很多影评人和影迷在参与看片会后，都认为电影打动自己的点在于它的结局没有“无脑升华”。主角并没有因为成为舞狮冠军就改变了自己的人生、获得了所有人的尊重，或是他的父母被拯救、自己也走向了“人生巅峰”。实际上，舞完狮后，他还要面对打工挣钱养家的现实问题。虽然人生不会被理想主义改变，但主角的心境却会因此发生变化。“这应该也是影片想表达的最核心的东西，虽然我们不一定会赢，但也不能轻易认输，人总要为自己的目标去拼搏。”桃桃林林谈道。另一个闪光点在于，《雄狮少年》的主题是动画电影领域里极少涉及的现实题材作品，其对留守少年、城市漂泊者等底层人们的关注，在董文欣等业内人士看来也是非常难得的。“影片还将舞狮这一传统文化和现实的奋斗结合在一起，借此讲述主角的高光时刻，同时不‘童话’、够现实残酷的结局，也会带给观众非常强烈的余味。”甚至央视新闻也点评《雄狮少年》是“表达文化自信，弘扬民族精神”。此外，《雄狮少年》的美术、光影、运镜、场景设计等，都做到了比较完善的地步，在看片会后及点映期间就收到了各方好评。种种因素叠加下，业内看片会后，众多影评人、大V及业内人士都给出了“年度最佳”评价，预测的票房落点也从最开始的5000万元涨到了25亿元甚至更多。票房的高预测，也直接反应到了证券市场上。《雄狮少年》的出品方华录百纳的股价，从12月6日起的4.97元/股，一度飙升至7.29元/股，截至12月24日收盘，华录百纳股价为6.43元/股。由于12月电影市场大盘的表现总体“疲软”，这让业内有着高预期的《雄狮少年》在12月17日正式上映首日，便拿到了院线25.2%的排片，甚至超过了同天上映的《误杀2》。当然，这也与《误杀2》选择18:00起片有关。只不过，随着点映的推进和影片正式上映后，业内对于《雄狮少年》的预估票房落点也在不断降低。之前鼓吹《雄狮少年》必成爆款的声音也消失不见，影评人或片方的宣传重点也落在了电影品质上，对票房前景的推测几不可闻。等到电影正式上映后，不少走进影院的普通观众则发现，虽然《雄狮少年》确如影评一样，有很多优点，但是在剧本上却有着“致命缺陷”。尽管结局的立意不错，但掩盖不了《雄狮少年》的剧情设定依然是一个老套的故事，老套到一句话就可以概括出全部剧情。主角阿娟和朋友阿猫阿狗的最初设定就是一群“loser”，他们在不断学习舞狮中最终实现成长，完成自我激励或救赎。这个“励志”套路，今年在同样以“少年之名”的《燃野少年的天空》和《五个扑水的少年》影片里，就有几乎一模一样的发展脉络。影评人桃桃林林也表示，单从剧情设定而言，《雄狮少年》确实没什么讨论的意义。甚至有网友直接在影评中写道，“明明有实力可以达到90分，但偏偏因为剧本不行，毁了整部电影。”影片前半段的剧情讲述方式也遭到不少诟病。许多观众指出，前半段剧情拖沓、转折生硬，部分主要角色故事线讲述得不完整，以及一些配角完全是“工具人”属性；且对于港片尤其是周星驰喜剧的借鉴意味过于明显，这都是他们觉得影片无法评为佳作、且目前的评价有些“过誉”的重要原因。高分低票房，谁的“锅”？尽管有不少批评的声音，但网络上对《雄狮少年》的评价大部分依然是夸赞，在豆瓣上也拿到了8.4的高分。那么，为什么《雄狮少年》有着高评价却不卖座呢？事实上，“叫好不叫座”是很多电影面临的问题，部分影迷的喜爱往往不能代表大众的口味。在影视博主电影温特看来，豆瓣上聚集的大部分是影迷、资深影视爱好者；而普通观众关注的则是猫眼、淘票票等平台，豆瓣评分有多高，对普通观众来说并不算吸引其观看的决定性因素。“很多优质纪录片都是有着8、9分的豆瓣评分，却依然是冷门电影。”其实，《雄狮少年》的票房低迷，很大一部分都是宣发的“锅”。此前，电影宣发方将点映时期的宣发策略重点放在了“高评分高质量”上。看片会和点映时期影评人、资深影迷给予的“年度最佳”等评价，虽然极大地提高了观众观看前的期待，但当观众抱着“超越《哪吒之魔童降世》”的期待走入影院后，发现这部电影其实“瑕瑜并存”时，势必会感到不满或遗憾。此外，电影温特认为，《雄狮少年》没有将宣发重点放在能够感染观众的共鸣点上，导致影片不仅没有形成令人难忘的记忆点帮助扩散出圈，也没给到观众一个必须去电影院花钱看的理由。而此前大火的电影，尤其是动画电影，都会在宣传期就打造出一个让观众印象深刻、且能够主动传播的共鸣点，比如《哪吒》的“我命由我不由天”、《寻梦环游记》的“死亡不可怕，可怕的是被遗忘”等，都是观众看到后会感兴趣并主动转发的记忆点。其次，虽然片方邀请到了吴京宣传电影，但没有借助这一点去做更多的“发散”。另外，观众天妖表示，片方没有去邀请更多广东或香港的打星帮忙宣传，这一点也比较遗憾，因为《雄狮少年》的故事发生在广东，主要讲的还是醒狮文化，且影片的开头还提到了黄飞鸿，如果能请来曾饰演过黄飞鸿的李连杰帮忙宣传，效果可能也更好。电影温特认为，不仅正向的宣传基础没有打好，宣发对于影片负面的回应也不够谨慎。在角色模型数造设定引发争议、拉低了路人观众的印象分时，宣发方不仅没有在前期很好地引导观众，还任由导演和编剧去回应这一敏感的负面问题，最终的结果只能是被各方解读“越描越黑”。另一方面，非动漫受众的路人群体，依然会抱有“动漫是给小孩子看的”的想法。尤其《雄狮少年》的题材选择了一个原创形象，相比传统神话IP，终究是比较缺少路人缘的。在天妖看来，舞狮传统文化题材的动画，在不了解相关文化的普通观众眼中，很容易被误会为是“小众文艺的自我感动”，普通观众也会望而却步。此外，众多业内人士也认为，疫情影响下电影市场大盘不景气，也是《雄狮少年》无法大卖的原因之一。桃桃林林告诉燃财经：“动画电影主要受众群体就是青少年，因此上映的最好时机应该是暑期档。”《雄狮少年》因为疫情等原因，从暑期档挪档到12月，结果又迎来了学生期末、大盘冷清等问题。虽然目前还不知道《雄狮少年》的最终票房表现，但可以确定，这部电影很难成为市场意义上的“爆款”了。国漫未来该怎么走？随着行业发展和用户的扩大，市场对于动漫内容的需求其实是与日俱增的。有预测指出，到2022年，中国在线动画市场规模有望达到280亿的规模。艾瑞公司发布的《2020年中国动漫产业研究报告》也显示，泛二次元用户规模有望在2020年突破4亿。巨大的市场需求需要国产动画行业加速发展才能跟上“节奏”。但从目前的市场情况来看，国产动画电影不仅作品质量“飘忽不定”，且至今还无法保证每年票房10亿元+的稳定爆款产出。如果参照日本、美国两个动画产业大国的发展，可以发现国产动画和漫画几乎是完全割裂的两种状态，并没有打造完善的产业链进行联动发展。在产业链的缺失下，仅靠一两部爆款就想实现动漫产业大发展是不可能的。因此，哪怕《雄狮少年》真的成为票房25亿元的爆款，也不会成为国产动画行业的“救世主”。不过，《雄狮少年》对于国产动画电影的最大意义，在于其拓宽了题材范围，更新了技术表现力。天妖认为，《雄狮少年》的出现，引导市场看到了古装、神话、武侠以外的传统民间艺术题材。而吸取国外的成功经验也是国产动画行业发展迈出的第一步。在天妖看来，目前国产动画产业受日本创作模式影响过深，但从目前的发展情况来看，美国将作品解释权掌握在创作团队、而非个别作者手中的模式，也许更适合国内的发展。在模仿学习的基础上，也不能限制于神话、童话、民间传说等题材，要结合社情、国情找到适合的现代题材。董文欣也认同这种观点，“国产动画可以在传统民族文化、个人奋斗等元素上进行更多的开拓，这样我们的动画、电影才能够有未来，进而发展成好莱坞的模式。其实好莱坞、迪士尼都是从传统IP改编起家，然后逐步发展创新，就比如皮克斯的原创精髓都是立足于‘魔幻世界’。我们也可以向他们学习，将带有民族性、现实主义、传统案例等内容发展结合，再融入当下的价值观等。”此外，《雄狮少年》之所以没有真正成为爆款，其最大的“硬伤”在于剧本的缺陷。此前的《大鱼海棠》、《姜子牙》等跟爆款“失之交臂”的影片，其被诟病的最大原因也在于剧情老套或糟糕。很多观众也表示，看动画电影之前，“先谈剧情，再谈技术”，这也充分证明了编剧是国产动画行业崛起的重要基石。但据《2020年中国动漫产业研究报告》显示，由于薪资和劳动强度的不匹配，优质人才和从业人员的不足始终是困扰中国动漫产业发展的难题。且动漫行业编剧还面临着一个窘境，相比与影视剧行业，国产动画行业还没有出现一个足够知名的编剧。这也意味着，动漫行业的编剧，比之影视行业更没有话语权，也没有办法保证自己的权益。这也形成了一个恶性循环。影视、动漫编剧锦鲤表示，“因为无法产出大卖的好作品，编剧的待遇无法提升，产业也就很难留下人才；人才的外流，进一步压缩了好内容出现的机会和频率，然后更加吸引不到外面的投资和人才涌入，完全是一个死循环。”因此，国产动画行业想要大规模发展，首要的是留住能做原创的人才，因为动画电影、番剧等作品都需要源源不断的原创才能保证行业的生命力。“艺术本来就是多元化、发散的，人才越多，写出的原创作品越多，出精品的概率才越高。另外，提升编剧的话语权，打破导演中心制，让导演和编剧进行团队共创，也是非常重要的,2021-12-30 14:37:24,2021-12-30 14:37:24,13,10,https://www.zhihu.com/api/v4/answers/2291882166
陌途,1,这个片的导演和制片是谁来着？以后有他们的电影，是不是就可以坚绝不看了,2021-12-29 13:07:24,2021-12-29 13:07:24,0,6,https://www.zhihu.com/api/v4/answers/2290388833
大格子,8931,不会，因为这部片子太残酷了，残酷到我一个成年人都心惊。因为网上极其两极的争论让我出于好奇约朋友看了《雄狮少年》，两个成年人在影院嗷嗷哭。与其说这是一部弘扬舞狮文化的片子，不如是一个乡村留守男孩的残酷青春物语，阿娟、阿猫、阿狗和咸鱼强的脊梁已被现实压弯，只有在舞狮的戏份时他们才能昂首挺胸有一种梦幻的热血和幸福。父亲工地受伤卧床，刚成年的阿娟一夜长大，替父亲挑起家庭的重担，工地的生活环境真实得可怕，没有未来的明天将这个少年压的喘不过气来，如果没有舞狮这个精神支柱，他也会像那幕工厂背影一样被生活折磨得日渐麻木。少年热血难凉，他最终还是选择拿上狮头拼博一把，即使在决赛圈赢得所有舞狮队的肯定，即使超越自我将狮头挂到最高的柱子上，即使和女神拍了照片，但是在这一刹那的灿烂之后，归于生活，主角还是去了上海打工，并没有逆天改命，生活依旧很苦，但他内心已经成熟强大。看完这部片子之后我才意识到，我已经很多年没在电影院看到这么残酷的展现我们苦的那一部分国人的电影了，更何况这还是一部动画片，注定是不会有高票房的。票房的失利也无否认这部作品画面和音乐的优秀，以及剧情的完成度。个人觉得台词的处理，特别是煽情部分的处理太过直给且不够口语化，然后男主角的配音有点秀气，部分台词时像上颌贴了一颗糖一样口齿含糊。至于人设形象方面见仁见智吧，对于这种极端卡通的表达我个人能接受，我最近看的两部作品比这更夸张。我其实挺希望从《雄狮少年》开始，动画电影作品能拓宽题材，不要老抓着神话幻想题材。就像高速公路旁边破破旧旧的房子一样，修一堵形象墙把它遮住，美观是美观了，但房子还是存在吖。,2021-12-30 21:26:36,2021-12-30 21:31:38,59,6,https://www.zhihu.com/api/v4/answers/2292396302
两个宝贝,10,肯定不会个人观影的感觉舞狮：穷人生存工具，富人娱乐工具 - 两个宝贝的文章 - 知乎 https://zhuanlan.zhihu.com/p/447206755,2021-12-19 19:56:53,2021-12-19 19:56:53,0,6,https://www.zhihu.com/api/v4/answers/2277742906
匿名用户,0,做梦,2021-12-27 17:02:21,2021-12-27 17:02:21,0,4,https://www.zhihu.com/api/v4/answers/2287951406
山风一样自由,20,不可能，它不配,2021-12-27 15:54:48,2021-12-27 15:54:48,0,4,https://www.zhihu.com/api/v4/answers/2287837748
飞翔的荷兰人,2077,雄狮少年应该不会成为去年贺岁档票房冠军。它唯一的作用是警示后来人：作死真的可以把至少20亿的票房缩水十倍！头铁的可以再试试。,2022-01-05 18:45:31,2022-01-05 18:45:31,0,3,https://www.zhihu.com/api/v4/answers/2299006698
陌上人如玉,87,本来有机会，关键努力的方向错了。你在知知乎封回答，在wb买水军有啥用啊？你直接把其他的贺岁片都压机给给了。你妥妥的票房冠军。,2022-01-02 23:55:34,2022-01-02 23:55:34,0,3,https://www.zhihu.com/api/v4/answers/2295572730
每天被封24小时,5,很喜欢一个段子：喜欢雄狮少年的人家里人长得都很像那个电影里面的人：你怎么这样人身攻击啊：你也知道难看啊,2021-12-30 23:33:16,2021-12-30 23:33:16,0,3,https://www.zhihu.com/api/v4/answers/2292515892
知乎用户,61,如果今年是1894年的话，我愿称这电影是票房冠军。,2021-12-30 10:27:55,2021-12-30 10:27:55,1,3,https://www.zhihu.com/api/v4/answers/2291509928
周家二公子,7,第一次看《雄狮少年》，我就深深的爱上了这部电影。是第一部让我在电影院看十遍的电影；是第一部我这几年院线电影中（看了不少于500部电影）最喜欢的国产动画片；是我第一部配乐出来就能让我起鸡皮疙瘩的电影；是第一部让我写了几万字感受和评价的电影；是出现在我朋友圈最多次的一部电影；是我第一次做视频和文章分享在各个平台最多的一部电影；是第一次因为一部电影被几百上千人网暴；是我花了最多时间与金钱的一部电影；是我参与路演（四次）最多的一部电影；是我去过最多电影院看的同一部电影；是为一部电影最疯狂的一次（理智）。说是第一，我想也是唯一了。也如电影中所言，人生其实也是不断的上山、下山，山路望不到头，只能往前了。先做一个自我介绍，一个即将毕业的大四学生，一个很喜欢看电影看书喜欢美术等各种艺术相关的学生。目前观影量大概两千，近年在院线看的电影，平均100部以上。可以说，电影院承包了我大学大部分的快乐和人生思考。喜欢电影的初衷，它能给我很多不一样的思考和收获，能让我感知多样的人生，看到万千个世界。第一次看的时候是2021年12月6号，我想，我应该是很多人中，比较早看的电影。开始音乐出来的时候，我就莫名的感动，当有个穿校服的少年骑着自行车出场，说一句：“我要去看舞狮”。我眼泪就留下来了，不是仿佛看到自己的身影，那不就是我嘛？我既担心，又期待。平时看的都是世界的未知和别人的故事与人生。我永远想不到的是，有一天，我能在一部电影中，看到自己。对了，那也是一次路演，我满腔热血，内心压着一堆话想表达，可惜的是，导演并没有看到我这个一直举手的人呀。期间看了许多版本，IMAX、CINITY。享受那些细节给我带来的回忆与冲击。思考着究竟是什么样的人，有着什么样的故事，是什么样的缘分，才会有这么一部电影与我相遇。第四次看的时候，依旧是路演，有主创看到我的手了，可惜导演没来。不过，也算是满足吧。第九次第十次也是路演，是连续的两场，那是同一天，也就是今天2022年1月3日。穿着最新的衣服，用发泥发胶最多一天。很紧张，也很期待，结果有快乐，也有难过，看到无数跟我一样热爱，并且疯狂的少年。心里还是会有许多感叹：“年轻，真好”。写实方面，最喜欢的是里面的一草一木、一屋一城。最大还原岭南的灌木、丛林、花花草草。既亲切又梦幻，亲切于曾经就是如此，梦幻于如今的沦陷。那一片又一片的蓝天、白云，黄昏后的晚霞，真的好美啊！好想在回家的感觉，因为那片天空下，会让人有安全感，黄昏后的余光，让人感到温暖。细节方面，那校服实在戳心，在农村人看来，校服就是他最好的衣服，不管是过年，还是到外打工都穿着。细致到每一个角落，这是我最佩服电影的方面，多少细节都一秒钟带过。就连房屋瓦上的植物也不放过，那些，真的确确实实的存在。你们看看喝水的杯子、吃饭的饭碗、旁人的买菜篮子等等。其实只不过简单的物品，我佩服这些细节抠得清清楚楚。拍摄方面，你看看那些环绕镜头、后拉镜头，真是一部让我好好学习拍摄视频的标杆啊。故事方面，忘不了初二第一次上广州的打暑假工场景，满街拉车拉货、抬头都是高楼大厦、大飞机从头上飞过。这一切，仿佛还在昨天。忘不了小时候骑自行车去看舞狮；忘不了小时候听到鼓声都会梦中醒来；忘不了第一次摸到狮子、第一次拿起狮头、乃第一次打鼓。为何热爱？因为青春。为何而恨？因爱生恨。人生总有你达不到的高度与奇迹，只能努力去做，做自己想做。是最后一次为此疯狂吧？毕竟青春已逝，有些事情不是自己能决定。如电影结局，终究还是回归正常，生活还得继续。此贴见证我曾经疯狂过、努力过、开心、流泪、绝望。是过去，也是未来，就应该对未来充满希望与寄托。在我的认知了，人生没有什么好后悔，更多的是遗憾罢了。更何况，人生本就充满遗憾。电影对我来说，《雄狮少年》对来说，或许是大学毕业最好的礼物，也是快乐又疯狂的回忆。想说想写的，我想差不多了吧。十刷，刚刚好吧，十全十美，也到此为止吧。希望某一年某一日，某个电影节见，或许，手机上看，也未尝不可。如果有一天，有人问我，我有怎么样的过去，我大概会跟他看一部电影，叫《雄狮少年》，那是别人故事，也是我自己的故事，是别人的那个时代，也是属于我的年代，我就是从那个时间段穿越过来的。更何况，曾经，我也为此疯狂过。你说呢？2021.1.3 留,2022-01-04 12:37:46,2022-01-04 12:46:02,1,2,https://www.zhihu.com/api/v4/answers/2297122002
匿名用户,0,我先不说舞狮用没用错颜色，因为我不懂。也不说眼睛大小问题，毕竟蒙古利亚种确实眼睛较小且以单眼皮为主。先说人物。女主这点作用全删了未尝不可，那点功能随便加在其他人身上完全可以直接忽略女主。然后莫名其妙，怎么随便新来的永远训练完就能pk赢反派啊？就真的不能给提供一点主角一伙本来拥有一些特质正好可以融合舞狮的剧情吗？我最近刚看了怪兽打架那个电影，主角能获胜靠的是一直被打很抗揍的特质和发掘出的善于舞蹈并运用在战斗中所以打败了大反派。这个舞狮团是真的不给这方面的描写啊。倒是确实喊口号要赢很有气势，但是喊口号这能提升实力亩产一千八早实现了。最重要的一点，舞狮表现根本不够啊。就这点表现怎么凸出舞狮啊，舞狮根本就是一种完全可以替换的电影线索。加上这个电影模式完全就是好莱坞那一套换皮啊。主角出现—主角转变—主角回归生活。师父出现—师父救场。某某东西没人在乎了—主角和它都落寞—互相拯救这个因为好莱坞很多电影主旨在主角的个人成长上，所以借助这个模式很好用。可是舞狮这个明显不是适合以个人成长为主题的啊。你就按照贾樟柯拍电影一样，不同人对待同样东西的不同选择造就不同结局，以人和物的关系为核心。个人成长为主旨当中舞狮只能是个可以替换的线索，完全凸出不了。最后建模问题，眼睛小我可以接受，嘴巴凸出我也勉强接受，但是你眼距尺寸也太离谱了。你按照三庭五眼比例来，小眼睛不吊着就是石窟和古画常见的眼睛也说的过去。而且就是好莱坞都知道就算不想遵循比例，也是眼睛靠近眼睛到脸的距离拉长而不是眼距拉长啊。,2021-12-31 20:50:08,2021-12-31 20:50:08,0,2,https://www.zhihu.com/api/v4/answers/2293545473
愚木轩,287,这个片子我没有看。本来还是想去看看的，毕竟我同事已经带她女儿去看了的。我也想带我女儿去看。毕竟宣传的还是咋咋乎乎的啊。前天，我打开知乎，无意中瞥见一句：雄狮少年，一群唐氏儿童的逆袭。我可是真的以为是一群唐氏综合征的儿童的励志故事呢。在这里，我严重声明：我绝对不是对特殊儿童的差别对待哈。多多少少看了一下评论，看来，此片，确实属于越来越凉的境地了。,2021-12-31 09:52:01,2021-12-31 09:52:01,0,2,https://www.zhihu.com/api/v4/answers/2292774056
窝窝偷,10,我认为(｀    _      ´)这个眼睛没毛病,2021-12-30 22:20:09,2021-12-30 22:20:09,2,2,https://www.zhihu.com/api/v4/answers/2292448103
小马,10,抛开剧情不谈，没有让我打瞌睡，中间有的现实的点让我难受，有些思考，这对我来说就是收获，,2021-12-30 21:28:09,2021-12-30 21:28:09,0,2,https://www.zhihu.com/api/v4/answers/2292397821
知乎用户,33,会拿冠菌，不是冠军。传染病毒一样的。还想让人捧成冠军。,2021-12-29 12:23:50,2021-12-29 12:28:50,0,2,https://www.zhihu.com/api/v4/answers/2290332316
猫车不是子,1226,今天宣布的密钥有效期延长至2022年2月17日。大概想过年这段时间再挣回来点票房吧……但大概率懂的都懂，今年电影市场这么干不是一回两回了。,2022-01-05 17:18:01,2022-01-05 17:18:01,0,1,https://www.zhihu.com/api/v4/answers/2298891026
猫车不是子,1226,今天宣布的密钥有效期延长至2022年2月17日。大概想过年这段时间再挣回来点票房吧……但大概率懂的都懂，今年电影市场这么干不是一回两回了。,2022-01-05 17:18:01,2022-01-05 17:18:01,0,1,https://www.zhihu.com/api/v4/answers/2298891026
胡钦,496,中国人长这样啦？尤其图1的小黑，一眼看过去以为山顶洞人。,2022-01-02 20:52:38,2022-01-02 20:57:39,0,1,https://www.zhihu.com/api/v4/answers/2295399537
巫言巫语,1,呵，就这么说吧，我站高台上撒泡尿，拍成视频放上网，票房都比丧尸少年的高,2022-01-02 12:45:46,2022-01-02 12:45:46,1,1,https://www.zhihu.com/api/v4/answers/2294970481
老斯基,1810,,2022-01-02 09:33:14,2022-01-02 09:38:15,0,1,https://www.zhihu.com/api/v4/answers/2294790886
匿名用户,0,全网千万网民对骂——所有社交平台海啸一样文章和视频的讨论。各种艺术和历史思考昼夜交锋。这是多大的流量，任何一个活在新年交接时间的人都知道其中的经济价值但它“总票房还不如一个刚上两天的爆米花港片”。说明了什么呢请问。如果你说，动画电影本来就小众，文艺小众，现实小众——那是通常情况下这类电影根本没有任何可能得到流量。很多在文青或者亚文化圈子吹爆的片子，在“普世空间”都没有任何水花。基本等于没有宣传。但你《雄狮少年》是这样吗 ? 所有社交平台刷屏吵架，天天点爆流量。其实我关注的博主，从中年到青年，基本都是大推荐，狠安利，而这些人是有巨大影响力的，说实话属于80后青春的王力宏倒塌都没这么大能量。这么“巨大的，可怕的，难以想象的流量，带来了什么呢”“总票房还不如一个刚上两天的爆米花港片”。我只能说，你不能用注水来代替现实。真正的，坐在电影院里的观众有自己的脑子，会自己做出选择。换任何一个其他电影。管他什么阿猫阿狗电影，管他什么喜剧恋爱挖宝，如果能得到这么巨大的流量。如果能得到《雄狮少年》这么巨大的流量。票房早就不是这个数字了。说明了什么呢。大侠用嘴打炮，而观众用脚投票。,2022-01-02 00:55:25,2022-01-02 00:55:25,0,1,https://www.zhihu.com/api/v4/answers/2294642134
陈主任,165,里程碑式的作品，不过是反面教材类。呵呵，这些废物让我明白大学由党政领导的必要性，那些所谓的文人真的又恶心又想打死他们。包括又不仅限于清华美院！书读到狗肚子里了！,2022-01-01 22:49:04,2022-01-01 22:49:04,0,1,https://www.zhihu.com/api/v4/answers/2294542058
西方七星阵,4795,就它？配钥匙吗？配几把？宁配吗？,2022-01-01 21:51:16,2022-01-01 21:51:16,0,1,https://www.zhihu.com/api/v4/answers/2294489297
锦衣夜行虎公子,18,监制不是说了吗，拿镜子照照呢？,2022-01-01 20:44:58,2022-01-01 20:44:58,2,1,https://www.zhihu.com/api/v4/answers/2294432421
不得不承认,9,第一次见到水军的力量，前排回答都是夸的，下面的评论都是骂人的，很欣慰,2022-01-01 20:37:33,2022-01-01 20:37:33,0,1,https://www.zhihu.com/api/v4/answers/2294426229
知乎用户,39,如果不是因为这眼睛，我可能会拉着朋友去买个票，但是事实是这东西在我眼里比上气都要低个档次，哪怕上气是外国人拍的，人家都没搞眯眯眼!我对这电影的看法就像上海堡垒一样，哪怕放到线上，哪怕我会突发奇想，也不会去点开观看的，连剧情也会一并否定掉。这部电影已经是个很好的流量话题了，观影数据不会差的，起码亏不了，但我不认可这部电影!我是怎么都不了解外国人都不怎么玩的种族歧视会被国内的反骨仔奉为圭臬！我的理解是明知故犯，明知道这东西会引起争议还执意保留，摆明了想要掀起舆论风波，然后来人引导一下“没看过电影就没资格讨论”，这观影数的提升效果不比正常的活动效果好？就好像明星话题一样，绯闻炒作也是炒作，再烂都有人会记得你，再差都比销声匿迹强。做一道填空题吧:         中国人不 ___ 中国人。,2022-01-01 13:29:09,2022-01-01 13:29:09,0,1,https://www.zhihu.com/api/v4/answers/2294065492
一叶之秋,0,搬运，侵删没去看电影，就看了个预告片，尬的扣脚，为煽情而煽情，而且这脸让人没有看的欲望也别扯内容咋样，不要求主角长多帅，至少得像个人吧你高考写个作文也知道字不要求写多好，至少要写的工整吧狮头建模能建好主角不行是吧，你这不是恶心人况且内容好像也不咋地啊刚去淘票票看了一下，评分9.3了，当年哪吒，白蛇也不过如此吧，真觉得自己当的起?上一个能让那么多“内行人”捧臭脚的我记得还是大名鼎鼎的逐梦演艺圈这数据没刷我是不信的，时间和票房会给出答案，一坨屎包装宣传的再好也还是一坨屎，时间长了人们是闻得到臭味的。,2022-01-01 08:56:34,2022-01-01 09:15:02,0,1,https://www.zhihu.com/api/v4/answers/2293850809
爱国,150,我很高兴。。。。大家用钱投票了。。。这种暗戳戳的夹带私货的垃圾死得好。。。。资本家们，看清楚了，跟这种货色的打交道会赔死你的。。。以后眼睛 亮着点。。。,2021-12-31 21:15:24,2021-12-31 21:15:24,0,1,https://www.zhihu.com/api/v4/answers/2293566702
爱p嗨p,7,本来想带女儿儿子一起去看的，看了评论和图片，没有一点点想看的欲望了。甚至还有点想tui一下的感觉。,2021-12-30 22:37:06,2021-12-30 22:37:06,0,1,https://www.zhihu.com/api/v4/answers/2292464155
牛肉面面,0,看了这么多回答我算是明白了，这电影做不好就使劲做坏，极其的好和极其的坏都会火，只要能火就行，无所谓怎么火的，就是想让人骂上热搜。真是脸都不要了。,2021-12-30 20:54:34,2021-12-30 20:55:10,0,1,https://www.zhihu.com/api/v4/answers/2292365687
竹世纪,1040,我认为电影《雄狮少年》不会是今年贺岁档票房冠军呀！它配？它呸！,2021-12-30 18:37:36,2021-12-30 18:37:36,0,1,https://www.zhihu.com/api/v4/answers/2292238151
飘风,66,如果是，那就是天大的悲哀,2021-12-30 10:22:16,2021-12-30 10:22:16,1,1,https://www.zhihu.com/api/v4/answers/2291500008
知乎用户,21,给了你们几块钱，一天到晚在这里硬洗39块的票，够我吃一顿不错的中饭了或者留着看《蜘蛛侠：英雄无归》不香吗？,2021-12-30 10:03:02,2021-12-30 10:04:34,0,1,https://www.zhihu.com/api/v4/answers/2291467988
黑满月,209,导演和广东人有仇！,2021-12-30 09:33:13,2021-12-30 09:33:13,0,1,https://www.zhihu.com/api/v4/answers/2291425508
柴懂,292,提问的是在咒贺岁档所有电影都会扑街吗？如果不是，为什么会认为唐氏少年能成为票房冠军呢？,2021-12-29 13:29:38,2021-12-29 13:29:38,0,1,https://www.zhihu.com/api/v4/answers/2290419489
匿名用户,0,有人在颠倒黑白,2022-01-02 20:22:19,2022-01-02 20:27:20,5,3,https://www.zhihu.com/api/v4/answers/2295372066
知乎用户,6221,我其实觉得这种争吵没啥意思，甚至因为争吵，我反而关注了这部电影，一个人跑去专门看了一下。世界上价值观有很多，有人觉得好看，有人觉得不好看，我觉得这都正常然而尬黑就非常的无语了有人说：师父的人设非常割裂。电影剧情中有很多人在吃舞狮这碗饭，为什么只有十里八乡最好的舞狮队员不能吃？只有你师父师娘用吃饭其他人不用是吧？【如果真的用心看，会发现有个镜头，就是男主角小时候跟父母去看舞狮，看的那次，就是师父舞的，男主角问师父为啥有个擎天柱，师父说这是要告诉舞狮的人，总有一座跨不去的山。因为那就是以人力就是无法跨过去的。而最后，男主角也没有跨过去，但他把狮头挂上去了，这是我觉得最好的升华。即使人力无法跨越，但也要有要跨越过去的心】光这一个升华，我觉得这就算得上是一部好剧了。然后再回答一下陈家村舞狮队的转变，有些人就是看不起废物，他觉得你没本事哪他就是要欺负你，但如果他认同你，他就会把你当兄弟，这就是人性。你唯唯诺诺，他会得寸进尺。你和他打一架，他会觉得你是一条汉子，反而敬重你。就是如此简单，电影中也交代了，陈家村的那个人看到了师父送男主角离开的那个场景。有时候认同一个人，就是如此简单。没什么不合理的。还有关于回家的，你可能是不知道，有些人离家8小时，但还是6/7年没回去的，身边认识的案例，孩子给外婆带大的。父亲工伤，你自己找找07/08年的报道，不是都有赔偿的，甚至还会被拖欠工资，然后我刚刚顺手查了一下，18年还有法院已经判决，但拖欠不赔的案例。最后的最后，我还是想说，争论很多，但真相如何还是要你自己去判断。我看了，我觉得好看，这确实是一件优秀的作品。至于他是否辱华，是否故意眯眯眼，有些真相只有你自己去判断,2021-12-31 14:04:56,2021-12-31 14:22:14,16,10,https://www.zhihu.com/api/v4/answers/2293100633
雨灵林,204,特意元旦自己一个人去看的（因为大家都在抵制这玩意就没人肯陪我看），我以为抛开眯眯眼这个事好歹剧情是可以的才这么多人洗。结果剧情这么的拉，强行煽情特别尬。画面确实美，背景音乐也挺好的，可是剧情太假了，打什么工同省的四年不回家，又不是碰上新冠了。师父舞狮那么厉害拿这个当职业怎么就养不活两口之家了？？？非得去卖咸鱼？男主团队刚开始那么菜凭什么拜了个师父几个月就成冠军了，你是看不起在座的谁？舞狮难度挺大的，绝对不是几个月就能学的出来的居然还拿冠军。男主去广州打工包吃住，就算被人欺负也不至于睡床底下吧？？？还有师父靠臭脚打败对手这个真的不是在自黑嘛？这种过于虚假的剧情真的就没人能共情的了。,2022-01-02 14:54:52,2022-01-02 14:54:52,0,1,https://www.zhihu.com/api/v4/answers/2295085642
斜阳浅唱,1,可以要看主创团队能掏出来多少钱,2022-01-06 19:51:18,2022-01-06 19:51:18,0,0,https://www.zhihu.com/api/v4/answers/2300491038
嗯哼,1,耿冠军,2022-01-06 16:38:49,2022-01-06 16:38:49,0,0,https://www.zhihu.com/api/v4/answers/2300246216
暴力待机,0,广东的老铁们不知道有没有感觉到冒犯,2022-01-06 09:41:23,2022-01-06 09:41:23,0,0,https://www.zhihu.com/api/v4/answers/2299601643
天黑不回家,26,吹呗，吹上天，哪是今年贺岁档冠军？吹成影史TOP1都可以，脚踩《阿凡达》拳打《泰坦尼克》，《长津湖》《复仇者联盟》都被远远甩在身后！刷呗，还就不下映，还要继续刷！没事儿继续延！刷满它500个小目标，吹个大气球，放个大卫星！吹！给我吹！,2022-01-06 06:28:44,2022-01-06 06:33:45,0,0,https://www.zhihu.com/api/v4/answers/2299473820
南北,7,倒数算吗？,2022-01-05 16:07:31,2022-01-05 16:07:31,0,0,https://www.zhihu.com/api/v4/answers/2298776695
子先,1,谁提的问，我来拉黑你,2022-01-05 14:02:30,2022-01-05 14:02:30,0,0,https://www.zhihu.com/api/v4/answers/2298577847
我没有名字,2,外国境外势力在刷票房,2022-01-05 13:14:08,2022-01-05 13:14:08,0,0,https://www.zhihu.com/api/v4/answers/2298512208
肉夹馍的肉,5,同期都是垫底的，还指望全年？,2022-01-05 12:18:21,2022-01-05 12:18:21,0,0,https://www.zhihu.com/api/v4/answers/2298439843
匿名用户,0,建议直接贺岁档其他电影全下架，只留雄狮少年一个，档期一直延续到3月底，或能收回投资。都到现在了，再买水军跟网友互喷已经没有任何意义了，需要更强力的手段。,2022-01-04 21:12:06,2022-01-04 21:13:08,0,0,https://www.zhihu.com/api/v4/answers/2297775282
玲珑骰子安红豆,0,也许网上一些自嘲学动画1年几年的做出来的鬼畜找个百万剪辑师剪一剪收益都比这货高,2022-01-04 17:09:17,2022-01-04 17:09:17,0,0,https://www.zhihu.com/api/v4/answers/2297508611
ak180ak,1125,还行，有点意思……你再出色，只要不是先富起来那群，几乎不再有成功的机会，消停点，继续搬砖。同时也说明，大量的文体艺术类比赛、评级、秀场、娱乐可以安抚民心,2022-01-04 08:53:36,2022-01-04 08:53:36,0,0,https://www.zhihu.com/api/v4/answers/2296820622
乳酸君,83,不看不讨论，冷处理，降热度，让它慢慢的烂在阴沟里,2022-01-01 22:59:12,2022-01-01 22:59:12,0,0,https://www.zhihu.com/api/v4/answers/2294552718
鱼泡真好吃,9,任何年代，欺负中国人最狠的，都是二狗子或者白鬼子不过可惜，它们最后死的都很惨,2022-01-01 20:20:04,2022-01-01 20:20:04,0,0,https://www.zhihu.com/api/v4/answers/2294412151
白云出岫清风拂,1,,2022-01-01 15:08:40,2022-01-01 15:13:41,0,0,https://www.zhihu.com/api/v4/answers/2294147333
指尖花凉,4,主创团队是想黑谁呢？不说大眼小眼 也不说广东人长什么样 你就说说你活这么大见过几个这样的中国人,2022-01-01 14:54:59,2022-01-01 14:54:59,0,0,https://www.zhihu.com/api/v4/answers/2294137076
LeeVae,0,应该不会成为票房冠军。虽然专门去看了。仿佛就为了听毛不易的片尾曲。,2022-01-01 14:00:36,2022-01-01 14:00:36,0,0,https://www.zhihu.com/api/v4/answers/2294091799
凯莉 玛珂斯,12,西方人丑化东方人的设计,2022-01-01 11:00:19,2022-01-01 11:05:19,0,0,https://www.zhihu.com/api/v4/answers/2293938114
Jean.C,171,唐氏少年的票房目前看应该不会超两亿了，目测投资方要亏。Ps:为什么还会有人去贡献近两亿的票房？当然那种午夜满场的票房也不知道占了多少。,2022-01-01 09:39:57,2022-01-01 09:39:57,0,0,https://www.zhihu.com/api/v4/answers/2293878290
LeeVae,0,应该不会成为票房冠军。虽然专门去看了。仿佛就为了听毛不易的片尾曲。,2022-01-01 14:00:36,2022-01-01 14:00:36,0,0,https://www.zhihu.com/api/v4/answers/2294091799
凯莉 玛珂斯,12,西方人丑化东方人的设计,2022-01-01 11:00:19,2022-01-01 11:05:19,0,0,https://www.zhihu.com/api/v4/answers/2293938114
Jean.C,171,唐氏少年的票房目前看应该不会超两亿了，目测投资方要亏。Ps:为什么还会有人去贡献近两亿的票房？当然那种午夜满场的票房也不知道占了多少。,2022-01-01 09:39:57,2022-01-01 09:39:57,0,0,https://www.zhihu.com/api/v4/answers/2293878290
敬亭,57,三千块一张票，还能夜夜满座，它不是今年票房冠军我绝对不信。,2022-01-01 09:35:03,2022-01-01 09:36:07,0,0,https://www.zhihu.com/api/v4/answers/2293875197
焱一,0,差不多得了，问这种问题不害臊吗？,2021-12-31 17:06:21,2021-12-31 17:06:21,0,0,https://www.zhihu.com/api/v4/answers/2293343380
油豆豆,130,本来就没想看也不准备看的，不知道为什么老给我刷雄狮少年的帖子，还以为很火呢。刚上猫眼看了一眼，哦吼，9.5分，隔壁误杀2才9.0分，难道比误杀2还精彩？再一看，哦豁，是多少票房啊，有2w8千条评论，隔壁反贪风暴也就3000条，又跑去猫眼实时票房查了一下，实时票房320w，票房占比0.5%？？？？？？？就这，是怎么产生会是贺岁档冠军的幻觉的?？,2021-12-31 14:38:34,2021-12-31 14:43:35,0,0,https://www.zhihu.com/api/v4/answers/2293145748
雨潇潇,10,     你是眯着眼看世界吧？票房冠军，问的出来,2021-12-31 11:26:56,2021-12-31 11:26:56,0,0,https://www.zhihu.com/api/v4/answers/2292914262
星冰乐里加枸杞,55,搞不好这样的负面评价真会把这部本就不该上映的影片推上票房冠军。然而是不是票房冠军并不能掩盖这部影片夹带私货，刻意丑化中国人、刻意丑化广东人的事实。不知何时，资本对影视行业的要求才能从赚快钱变成拼口碑？,2021-12-31 10:22:52,2021-12-31 10:22:52,0,0,https://www.zhihu.com/api/v4/answers/2292817600
秋岩,0,凉了，还想冠军？,2021-12-31 09:00:47,2021-12-31 09:00:47,0,0,https://www.zhihu.com/api/v4/answers/2292712150
猴面包酥,0,如果按一张票20万的速度来刷票房，我还是比较看好他成为票房冠军的,2021-12-31 02:34:16,2021-12-31 02:34:16,0,0,https://www.zhihu.com/api/v4/answers/2292608895
Allen Su,199,这片子不糊，以后我看谁敢说眯眯眼就是rh。,2021-12-30 21:54:14,2021-12-30 21:54:14,0,0,https://www.zhihu.com/api/v4/answers/2292423086
匿名用户,0,这是一部应该立马下架的电影。,2021-12-30 20:32:56,2021-12-30 20:32:56,0,0,https://www.zhihu.com/api/v4/answers/2292344976
尤里,14,如果算上冥币的话，应该可以。,2021-12-30 16:05:38,2021-12-30 16:10:39,0,0,https://www.zhihu.com/api/v4/answers/2292027550
某某来,5,你认为它还有成为票房冠军的可能性？还是你敢想啊,2021-12-30 14:57:54,2022-01-01 08:06:59,0,0,https://www.zhihu.com/api/v4/answers/2291915229
飞星陨落,1,他们这些拍电影的。拍之前肯定没有好好了解什么是舞狮，是怎么炼成的吧。就会脱离实际,2021-12-30 13:58:00,2021-12-30 13:58:00,0,0,https://www.zhihu.com/api/v4/answers/2291820417
Kai Xu,353,如果是为唐氏综合症的症状做宣传我觉得没啥不好。如果不是……那么他不扑街都没有道理。,2021-12-30 13:48:24,2021-12-30 13:48:24,0,0,https://www.zhihu.com/api/v4/answers/2291807186
taburiss.m,3,你是想让我花钱吃屎味的巧克力，然后说它是德芙么,2021-12-30 08:53:58,2021-12-30 08:53:58,0,0,https://www.zhihu.com/api/v4/answers/2291375496
郑李,12,想多了，身为一个靠近广东省份的人，看这个电影只感受到了恶意和离谱，直接给了个一星，并呼吁亲朋好友别给这玩意儿浪费钱，还票房冠军？,2021-12-30 08:39:23,2021-12-30 08:39:54,0,0,https://www.zhihu.com/api/v4/answers/2291360243
茶几,12,雄狮少年有以下优点略因为以上优点，雄狮少年会成为票房冠军。,2021-12-30 08:16:08,2021-12-30 08:16:08,0,0,https://www.zhihu.com/api/v4/answers/2291342978
留在冬天,6,简直侮辱那些唐氏儿（天生的有什么错）,2021-12-30 02:28:25,2021-12-30 02:28:25,0,0,https://www.zhihu.com/api/v4/answers/2291273025
留在冬天,6,简直侮辱那些唐氏儿（天生的有什么错）,2021-12-30 02:28:25,2021-12-30 02:28:25,0,0,https://www.zhihu.com/api/v4/answers/2291273025
天外非鱼,9,对于这个意图这么明显的问题，答案难道不应该是：谁给你了这么瞎的眼睛，这么大的胆子，这么多的钱?,2021-12-29 23:52:52,2021-12-29 23:52:52,0,0,https://www.zhihu.com/api/v4/answers/2291195863
匿名用户,0,,2021-12-29 22:11:16,2021-12-29 22:16:17,0,0,https://www.zhihu.com/api/v4/answers/2291096395
倪耙耙,7,冠军？你是怎么问出这个问题的，可别恶心人哦,2021-12-29 21:52:44,2021-12-30 15:02:27,0,0,https://www.zhihu.com/api/v4/answers/2291076844
wryyyy,6,根据现实情况来看，反向冠军是有可能的,2021-12-29 20:26:51,2021-12-29 20:26:51,0,0,https://www.zhihu.com/api/v4/answers/2290990296
薛定谔的猫,447,倒数的冠军倒是有可能。,2021-12-29 19:39:02,2021-12-29 19:39:02,0,0,https://www.zhihu.com/api/v4/answers/2290944836
free,260,嗯，这种垃JI今年垫底冠军妥妥的,2021-12-29 18:30:58,2021-12-29 18:30:58,0,0,https://www.zhihu.com/api/v4/answers/2290877841
阿兰达瓦卓玛霍尊,4,洗的人先把脸向墙上摩摩，摩成平面再来洗,2021-12-29 17:02:01,2021-12-29 17:02:01,0,0,https://www.zhihu.com/api/v4/answers/2290761452
蚂蚁点点,4,票房冠军，哈哈哈哈哈哈，睁眼看世界吧，对了，主创长的都是眯眯眼，估计看不见吧,2021-12-28 19:02:54,2021-12-28 19:02:54,0,0,https://www.zhihu.com/api/v4/answers/2289511375
叶安,1538,剧情方面来说，虽然很多人多有吐槽，但是我觉得单是剧情的原因不足以成为本片的大槽点。我个人认为主要是主角团的形象设计，让民众不买单。结合三只松鼠事件，最近很流行的一个政治正确的观点叫美是多元的。这个观点是绝对正确的，但这并不能支撑民众不喜欢这种形象就是文化不自信的这个论点。我们不得不承认，近代受西方影响，大眼睛双眼皮为普遍的审美标准，做双眼皮手术的人也大幅增加。但是任何一种审美都是依赖于所在的时代的，有复杂的历史因素和社会因素，要改变一种审美，是需要一个潜移默化的过程的。我们希望表现出小眼睛的美被人看到，而不是把当下社会更不接受的其他特征和它结合在一起。首先，个人认为最好的让大众接受小眼睛的方法就是告诉大家，小眼睛也可以是美的，比如说周冬雨辣目洋子都是我非常喜欢的明星，身边朋友因为单眼皮抱怨的时候，我们常常劝的也是你看XX明星也是单眼皮多好看很有特色，不必去整形；而不是说你看雄狮少年也是这样你很好看的（这样别人可能以为我在yygq她）。就是说改变审美的路是漫长的，最好是结合当下的审美做出一定的改动，而不是让本来在当下社会就不讨喜的小眼睛配上吊梢和过宽眼距。我不觉得这样做的结果能让作者所倡导的美被大家接受，相反，那些很美的小眼睛人群会更因此而讨厌自己的小眼睛（因为你硬把它和更不被大众接受的两个因素结合在了一起）。而我看过有人用美图秀秀只微调主角的眼距和倾斜度未改变眼睛大小就能让角色看起来顺眼很多，所以本质上说，这根本就不是宣扬小眼睛美的问题。其次，我也不喜欢动漫各个都是迪士尼般的大眼。但是你把一个矫枉过正的东西强硬的放到我面前还让我必须承认它是美的，我觉得这是很傲慢的。小眼睛是比较常见的，但是小眼睛加眼距过宽加斜眼，至少我在生活中是没怎么见过的。这就好比你要反对过瘦审美，就找一群在生活中都不怎么见到的胖体形演员（没有不喜欢胖子的意思）来演青春剧主角，我相信大家也是一样不会买单。,2021-12-31 09:44:44,2021-12-31 09:47:59,0,1,https://www.zhihu.com/api/v4/answers/2292764666
尘土飞扬,15,应该不会。但是很值得看的一部电影，如果有闲，推荐去看。,2021-12-30 15:47:21,2021-12-30 15:47:21,0,0,https://www.zhihu.com/api/v4/answers/2291997115
匿名用户,0,看完的觉得故事内核还行，虽然看电影过程中翻了无数次白眼。。。但是我可能就属于那种 只要有一个点戳到我的时候，我就心满意足了。这个电影确实让我最近颓废的趋势遏止了一下，尤其是刚任务做完，舒舒服服看一场电影。。。,2021-12-30 14:08:57,2021-12-30 14:09:32,0,0,https://www.zhihu.com/api/v4/answers/2291837133
贝小西故事铺,149,对不起，我刚看完，谈一下真实感受。票挺贵的，有点不值。首先，我认识的广州人不多，但确实不是长这样的，而且动漫中所有的人都一个模子刻出来的，也是离谱。以下拋去长相：1.人物形象很脸谱化，尤其是胖子瘦猴和女娟，感觉就是妥妥的工具人，女娟是很明显的工具人，行动一点动机都没有，感觉就是为男主来的。陈家村的就是很明显的反派角色，最后反转，也没过渡，很生硬。很多人说踩狮头，白狮这一点，说实话我一点也不了解舞狮的传统文化，如果我没在网上看到这些话，我可能不会意识到。2.情节老套，废柴逆袭的大爽文。故事很理想化，感觉才练了几个月，根本不会这么厉害。这应该从小开始练才行。优点：1.开头的景色不错。2.舞狮部分很精彩，节奏氛围不错全片拍的最好的应该是屋顶舞狮的那段，有点热血。结尾结的还可以，没有特别俗，但也不算很好。不过幸好人没有站上去，要不然就太没意思了。如果人物的脸正常点，这个片子的应该还凑合。不过现在就冲导演这个不要脸的回应，0分都多了！,2022-01-02 22:54:19,2022-01-02 22:55:24,0,0,https://www.zhihu.com/api/v4/answers/2295516997
